step,bsf,mean_fitness_classic,min_fitness_classic,max_fitness_classic,mean_fitness_custom,min_fitness_custom,max_fitness_custom,sq_distance_diversity
0.0,-15.621929918856011,-3.826065737485694,-12.380387290805,18.059530671187474,-4.5589315204377705,-14.515196690548208,15.621929918856011,103318.08116802086
1.0,-22.04134750196257,0.2150313827013521,-15.160425295905801,31.34285222377972,-3.662265687769013,-12.574934646771235,22.04134750196257,94342.81666514094
