step,bsf,mean_fitness_classic,min_fitness_classic,max_fitness_classic,mean_fitness_custom,min_fitness_custom,max_fitness_custom,sq_distance_diversity
0.0,-12.480942760059804,-4.12434713384834,-9.024604297518213,14.76966884441925,-4.8803977779281,-9.616034934188598,12.480942760059804,105999.70567541302
1.0,-15.182224009701386,0.7001903132060481,-16.384308512608605,18.561556452304302,-1.5374233421346883,-18.070022967404824,15.182224009701386,95243.31973272192
