step,bsf,mean_fitness_classic,min_fitness_classic,max_fitness_classic,mean_fitness_custom,min_fitness_custom,max_fitness_custom,sq_distance_diversity
0.0,-17.623307996839472,-4.656565897527482,-18.800674774366083,19.9820278437862,-5.406879585039279,-20.829782423141754,17.623307996839472,104230.86604383636
1.0,-18.75216924868512,-1.5388691640054453,-12.520274096863051,26.26496993873976,-3.988700529381103,-15.081705171605503,18.75216924868512,96622.75416775046
