step,bsf,mean_fitness_classic,min_fitness_classic,max_fitness_classic,mean_fitness_custom,min_fitness_custom,max_fitness_custom,sq_distance_diversity
0.0,-15.263211480025568,-3.758556367762196,-21.69758289498143,17.65385272899986,-4.55120948955012,-23.776888253760887,15.263211480025568,105031.04521953662
1.0,-15.263211480025568,-2.523164553506697,-16.805323192621348,16.7651317930644,-3.685331440661018,-10.839649410632838,10.661305559422473,95369.8598225841
