step,bsf,mean_fitness_classic,min_fitness_classic,max_fitness_classic,mean_fitness_custom,min_fitness_custom,max_fitness_custom,sq_distance_diversity
0.0,-17.326487868219374,-4.579236033752856,-12.541960292005133,19.57612241350244,-5.238096884555791,-13.727806018010444,17.326487868219374,104825.79532091955
1.0,-17.326487868219374,-1.162633153333448,-10.549194275094479,19.712257849888253,-3.630288711303243,-14.99063057081484,14.676306369556116,95070.36217278433
