step,bsf,mean_fitness_classic,min_fitness_classic,max_fitness_classic,mean_fitness_custom,min_fitness_custom,max_fitness_custom,sq_distance_diversity
0.0,-26.905503648391115,-4.940478690116069,-18.28680854673944,26.905503648391115,-6.57784249540536,-28.14857776754659,21.06653162623934,103426.21391893395
1.0,-26.905503648391115,-3.5390537815013747,-18.412679210815547,16.880587107826596,-2.6797055187904477,-9.25967844306447,19.932154627307835,97832.20333467404
