step,bsf,mean_fitness_classic,min_fitness_classic,max_fitness_classic,mean_fitness_custom,min_fitness_custom,max_fitness_custom,sq_distance_diversity
0.0,-3.3490067682060936,-4.999011655444902,-18.60228094206421,6.851069189073655,-6.408809183731237,-28.760038149386098,3.3490067682060936,105764.63098813585
1.0,-11.044768198675506,-4.943639100044239,-18.286628012802144,6.851069189073655,-4.821360696596724,-10.874462031664216,11.044768198675506,94237.61298088633
