step,bsf,mean_fitness_classic,min_fitness_classic,max_fitness_classic,mean_fitness_custom,min_fitness_custom,max_fitness_custom,sq_distance_diversity
0.0,-17.817955756509697,-3.701770634020376,-7.531690944723349,17.817955756509697,-4.403184900432248,-8.92126667935203,15.435625547139843,105473.5699855409
1.0,-35.07028235435317,-1.3630121607459342,-16.047157998873534,35.07028235435317,-4.449040434929247,-14.402158384694648,19.047969749175053,95519.83973716071
