step,bsf,mean_fitness_classic,min_fitness_classic,max_fitness_classic,mean_fitness_custom,min_fitness_custom,max_fitness_custom,sq_distance_diversity
0.0,-23.409177803168113,-4.703683332038946,-21.175555233169057,23.409177803168113,-5.374285567386694,-23.18725349097234,21.193288327251047,105643.01123227962
1.0,-23.409177803168113,-1.8162434516780366,-15.46837195404574,21.439373906637293,-3.8001041265113433,-18.551026950975707,14.641034063939898,95104.29397009341
