step,bsf,mean_fitness_classic,min_fitness_classic,max_fitness_classic,mean_fitness_custom,min_fitness_custom,max_fitness_custom,sq_distance_diversity
0.0,-12.549046061803153,-5.410756940651016,-13.820345079389458,12.549046061803153,-5.94137154071938,-14.84502809801433,10.268848431184175,104858.21211371935
1.0,-15.613047195689461,-2.2282609659473214,-9.696071207636045,15.613047195689461,-4.260352914564042,-12.150759769275762,10.969417312479216,95328.92899339205
