step,bsf,mean_fitness_classic,min_fitness_classic,max_fitness_classic,mean_fitness_custom,min_fitness_custom,max_fitness_custom,sq_distance_diversity
0.0,-13.623907264152045,-4.535316289116268,-15.040026627030764,13.623907264152045,-5.151649678805471,-17.15664008496359,11.106392598762419,104898.03484317797
1.0,-13.623907264152045,-2.9097368624621023,-19.011051999121122,13.623907264152045,-4.502979372027208,-20.997263402439014,6.851599520423704,94569.83062123135
