step,bsf,mean_fitness_classic,min_fitness_classic,max_fitness_classic,mean_fitness_custom,min_fitness_custom,max_fitness_custom,sq_distance_diversity
0.0,-25.343222846134893,-5.517571728881455,-16.51261663464209,25.343222846134893,-6.006505284432759,-17.729255470342462,23.102091879451763,105100.41371847605
1.0,-25.343222846134893,-1.286809713981053,-9.262272712021183,17.849318454114396,-3.0706055035923407,-13.959786993144096,16.065765495500433,95716.64055012185
