step,bsf,mean_fitness_classic,min_fitness_classic,max_fitness_classic,mean_fitness_custom,min_fitness_custom,max_fitness_custom,sq_distance_diversity
0.0,-13.6583144458168,-4.501779682860498,-15.618048712479503,13.6583144458168,-5.170572583848115,-17.644382806218818,11.142013958558472,104426.34974496612
1.0,-26.926554865425114,-1.1916802671250033,-18.932899390923968,26.926554865425114,-4.73369322830087,-22.78445286694907,19.667029700517368,94904.62934749291
